{"cameraMode":{"drawMode":0,"name":"Shaded","section":"Shading Mode"},"sceneLighting":false,"audioPlay":false,"sceneViewState":{"showFog":true,"showMaterialUpdate":false,"showSkybox":true,"showFlares":true,"showImageEffects":true,"showParticleSystems":true},"in2DMode":false,"pivot":{"x":-373.41448974609377,"y":-435.59307861328127,"z":434.22222900390627},"rotation":{"x":0.11316485702991486,"y":0.10116270929574967,"z":-0.011582676321268082,"w":0.9883449673652649},"size":5766.666015625,"orthographic":false}